tick;adc
0;193
1;191
2;193
3;196
4;193
5;196
6;191
7;194
8;188
9;195
10;191
11;196
12;193
13;198
14;197
15;200
16;198
17;192
18;193
19;194
20;192
21;201
22;195
23;195
24;193
25;192
26;197
27;194
28;195
29;195
30;194
31;193
32;196
33;199
34;194
35;192
36;188
37;195
38;202
39;189
40;192
41;189
42;195
43;192
44;197
45;192
46;193
47;192
48;190
49;191
50;193
51;193
52;190
53;196
54;192
55;195
56;192
57;190
58;195
59;189
60;195
61;193
62;195
63;195
64;196
65;194
66;193
67;196
68;192
69;194
70;198
71;199
72;196
73;192
74;194
75;196
76;195
77;192
78;192
79;191
80;188
81;192
82;204
83;195
84;192
85;196
86;194
87;192
88;192
89;191
90;194
91;194
92;206
93;193
94;196
95;194
96;190
97;193
98;197
99;194
100;190
101;196
102;187
103;192
104;199
105;194
106;191
107;196
108;197
109;198
110;193
111;193
112;196
113;198
114;194
115;201
116;189
117;190
118;196
119;192
120;191
121;193
122;193
123;192
124;194
125;202
126;199
127;196
128;196
129;194
130;202
131;196
132;194
133;193
134;190
135;190
136;196
137;199
138;194
139;193
140;197
141;192
142;200
143;198
144;188
145;194
146;189
147;193
148;196
149;198
150;196
151;190
152;192
153;195
154;195
155;196
156;194
157;198
158;192
159;197
160;193
161;197
162;198
163;193
164;193
165;196
166;195
167;188
168;192
169;193
170;188
171;194
172;193
173;190
174;192
175;197
176;193
177;194
178;197
179;190
180;188
181;196
182;191
183;202
184;192
185;190
186;193
187;196
188;194
189;193
190;193
191;193
192;195
193;196
194;199
195;193
196;190
197;195
198;193
199;202
200;192
201;192
202;190
203;198
204;194
205;196
206;192
207;188
208;203
209;191
210;193
211;189
212;198
213;198
214;194
215;190
216;193
217;193
218;194
219;192
220;196
221;199
222;193
223;196
224;194
225;199
226;195
227;193
228;194
229;194
230;191
231;193
232;196
233;191
234;192
235;198
236;194
237;195
238;191
239;196
240;193
241;196
242;193
243;195
244;193
245;186
246;201
247;193
248;196
249;187
250;193
251;196
252;192
253;192
254;196
255;192
256;196
257;195
258;195
259;194
260;197
261;190
262;198
263;195
264;196
265;198
266;195
267;195
268;186
269;197
270;190
271;191
272;191
273;197
274;193
275;192
276;193
277;193
278;193
279;193
280;196
281;196
282;196
283;192
284;197
285;197
286;188
287;195
288;196
289;194
290;190
291;194
292;196
293;193
294;194
295;190
296;198
297;188
298;199
299;193
300;193
301;195
302;198
303;204
304;191
305;196
306;196
307;201
308;194
309;193
310;193
311;190
312;200
313;196
314;192
315;190
316;193
317;194
318;191
319;202
320;196
321;194
322;192
323;193
324;197
325;190
326;193
327;193
328;190
329;196
330;196
331;193
332;197
333;193
334;196
335;195
336;198
337;195
338;196
339;191
340;196
341;202
342;196
343;189
344;190
345;196
346;202
347;198
348;196
349;196
350;188
351;193
352;196
353;193
354;192
355;193
356;196
357;196
358;194
359;194
360;195
361;192
362;194
363;194
364;191
365;195
366;197
367;192
368;197
369;194
370;191
371;198
372;194
373;198
374;198
375;192
376;183
377;192
378;194
379;196
380;194
381;188
382;188
383;190
384;197
385;196
386;190
387;193
388;194
389;199
390;195
391;199
392;195
393;195
394;185
395;195
396;196
397;197
398;193
399;193
400;193
401;190
402;194
403;194
404;191
405;193
406;194
407;197
408;196
409;192
410;192
411;192
412;196
413;199
414;190
415;181
416;193
417;194
418;197
419;199
420;193
421;194
422;190
423;194
424;195
425;187
426;194
427;194
428;192
429;199
430;195
431;192
432;194
433;193
434;191
435;189
436;193
437;206
438;190
439;197
440;202
441;192
442;192
443;192
444;201
445;194
446;194
447;193
448;193
449;193
450;192
451;165
452;201
453;203
454;196
455;205
456;208
457;213
458;215
459;218
460;219
461;225
462;232
463;235
464;242
465;247
466;248
467;257
468;263
469;267
470;270
471;265
472;284
473;299
474;286
475;302
476;306
477;315
478;321
479;326
480;330
481;335
482;346
483;353
484;360
485;365
486;369
487;378
488;382
489;393
490;401
491;407
492;417
493;427
494;427
495;439
496;442
497;446
498;457
499;458
500;470
501;475
502;484
503;492
504;508
505;502
506;506
507;516
508;516
509;528
510;521
511;541
512;545
513;557
514;562
515;572
516;579
517;587
518;597
519;595
520;606
521;604
522;617
523;625
524;627
525;639
526;645
527;658
528;664
529;671
530;677
531;686
532;692
533;701
534;707
535;725
536;729
537;734
538;734
539;751
540;761
541;765
542;762
543;784
544;790
545;795
546;810
547;813
548;820
549;824
550;833
551;842
552;850
553;857
554;861
555;876
556;887
557;890
558;894
559;909
560;909
561;903
562;924
563;931
564;935
565;946
566;954
567;961
568;967
569;976
570;981
571;991
572;995
573;1006
574;1019
575;1022
576;1030
577;1038
578;1045
579;1050
580;1058
581;1070
582;1078
583;1083
584;1087
585;1102
586;1109
587;1116
588;1126
589;1156
590;1142
591;1145
592;1158
593;1166
594;1172
595;1180
596;1187
597;1189
598;1219
599;1214
600;1224
601;1236
602;1244
603;1250
604;1260
605;1266
606;1275
607;1283
608;1255
609;1303
610;1313
611;1315
612;1328
613;1330
614;1341
615;1344
616;1348
617;1361
618;1377
619;1379
620;1387
621;1397
622;1398
623;1408
624;1416
625;1429
626;1437
627;1456
628;1444
629;1455
630;1464
631;1470
632;1477
633;1492
634;1495
635;1503
636;1504
637;1512
638;1527
639;1527
640;1538
641;1545
642;1549
643;1556
644;1565
645;1580
646;1580
647;1585
648;1597
649;1604
650;1615
651;1623
652;1626
653;1599
654;1618
655;1648
656;1657
657;1665
658;1677
659;1678
660;1696
661;1703
662;1730
663;1703
664;1718
665;1729
666;1737
667;1739
668;1736
669;1773
670;1769
671;1771
672;1784
673;1792
674;1803
675;1800
676;1822
677;1819
678;1835
679;1838
680;1846
681;1857
682;1862
683;1866
684;1874
685;1883
686;1893
687;1895
688;1905
689;1911
690;1903
691;1932
692;1936
693;1940
694;1951
695;1961
696;1959
697;1975
698;1987
699;1985
700;1955
701;1999
702;2011
703;2014
704;2023
705;2032
706;2034
707;2046
708;2035
709;2062
710;2069
711;2076
712;2086
713;2091
714;2125
715;2114
716;2121
717;2127
718;2151
719;2143
720;2151
721;2158
722;2167
723;2175
724;2173
725;2186
726;2197
727;2206
728;2215
729;2222
730;2237
731;2222
732;2249
733;2255
734;2279
735;2276
736;2278
737;2279
738;2299
739;2299
740;2306
741;2316
742;2324
743;2331
744;2340
745;2349
746;2356
747;2363
748;2371
749;2378
750;2409
751;2399
752;2402
753;2435
754;2429
755;2433
756;2437
757;2446
758;2449
759;2462
760;2470
761;2480
762;2489
763;2494
764;2502
765;2514
766;2518
767;2523
768;2533
769;2539
770;2551
771;2520
772;2551
773;2567
774;2581
775;2586
776;2589
777;2598
778;2599
779;2608
780;2613
781;2627
782;2635
783;2637
784;2649
785;2657
786;2670
787;2668
788;2680
789;2702
790;2695
791;2690
792;2701
793;2710
794;2719
795;2724
796;2736
797;2740
798;2787
799;2767
800;2768
801;2771
802;2785
803;2791
804;2793
805;2800
806;2817
807;2826
808;2821
809;2835
810;2845
811;2851
812;2858
813;2844
814;2876
815;2882
816;2887
817;2888
818;2909
819;2913
820;2919
821;2922
822;2936
823;2943
824;2947
825;2952
826;2962
827;2972
828;2981
829;2989
830;2995
831;3006
832;3013
833;3026
834;3033
835;3033
836;3043
837;3054
838;3067
839;3073
840;3073
841;3083
842;3079
843;3099
844;3106
845;3106
846;3122
847;3133
848;3137
849;3143
850;3151
851;3157
852;3177
853;3179
854;3187
855;3195
856;3198
857;3209
858;3213
859;3219
860;3227
861;3231
862;3220
863;3251
864;3261
865;3267
866;3275
867;3289
868;3295
869;3299
870;3310
871;3317
872;3323
873;3333
874;3341
875;3349
876;3355
877;3361
878;3371
879;3377
880;3389
881;3369
882;3403
883;3413
884;3417
885;3423
886;3438
887;3446
888;3451
889;3466
890;3467
891;3475
892;3479
893;3490
894;3499
895;3508
896;3518
897;3526
898;3531
899;3543
900;3550
901;3560
902;3566
903;3571
904;3587
905;3589
906;3595
907;3603
908;3618
909;3626
910;3634
911;3641
912;3651
913;3659
914;3667
915;3646
916;3687
917;3694
918;3705
919;3715
920;3719
921;3736
922;3735
923;3741
924;3749
925;3757
926;3770
927;3779
928;3798
929;3786
930;3803
931;3816
932;3821
933;3828
934;3837
935;3849
936;3853
937;3862
938;3871
939;3879
940;3890
941;3893
942;3902
943;3921
944;3922
945;3925
946;3938
947;3943
948;3948
949;3955
950;3963
951;3971
952;3978
953;3981
954;3986
955;3993
956;4003
957;4013
958;4019
959;4025
960;4019
961;4023
962;4022
963;4015
964;4021
965;4023
966;4016
967;4020
968;4017
969;4019
970;4020
971;4029
972;4021
973;4025
974;4026
975;4030
976;4025
977;4021
978;4023
979;4030
980;4021
981;4016
982;4020
983;4023
984;4023
985;4023
986;4023
987;4029
988;4021
989;4019
990;4016
991;4023
992;4023
993;4022
994;4014
995;4026
996;4017
997;4028
998;4019
999;4024
1000;4022
1001;4019
1002;4019
1003;4023
1004;4017
1005;4018
1006;4017
1007;4023
1008;4025
1009;4019
1010;4018
1011;4021
1012;4019
1013;4019
1014;4018
1015;4022
1016;4022
1017;4019
1018;4016
1019;4020
1020;4019
1021;4016
1022;4019
1023;4024
1024;4021
1025;4019
1026;4021
1027;4021
1028;4019
1029;4019
1030;4022
1031;4017
1032;4024
1033;4025
1034;4022
1035;4019
1036;4025
1037;4019
1038;4020
1039;4019
1040;4023
1041;4019
1042;4018
1043;4015
1044;4024
1045;4023
1046;4016
1047;4022
1048;4020
1049;4021
1050;4021
1051;4026
1052;4023
1053;4019
1054;4017
1055;4018
1056;4021
1057;4029
1058;4017
1059;4022
1060;4023
1061;4023
1062;4023
1063;4019
1064;4027
1065;4023
1066;4008
1067;4017
1068;4025
1069;4021
1070;4022
1071;4023
1072;4027
1073;4010
1074;4001
1075;4002
1076;4003
1077;3990
1078;3989
1079;3987
1080;3991
1081;3987
1082;3977
1083;3976
1084;3975
1085;3981
1086;3979
1087;3974
1088;3976
1089;3971
1090;3965
1091;3970
1092;3961
1093;3958
1094;3962
1095;3958
1096;3957
1097;3956
1098;3949
1099;3952
1100;3952
1101;3945
1102;3945
1103;3937
1104;3941
1105;3939
1106;3934
1107;3931
1108;3936
1109;3927
1110;3929
1111;3927
1112;3932
1113;3923
1114;3918
1115;3919
1116;3920
1117;3920
1118;3913
1119;3915
1120;3912
1121;3913
1122;3906
1123;3903
1124;3900
1125;3891
1126;3897
1127;3897
1128;3893
1129;3891
1130;3894
1131;3889
1132;3893
1133;3888
1134;3881
1135;3882
1136;3893
1137;3873
1138;3879
1139;3878
1140;3864
1141;3877
1142;3872
1143;3872
1144;3868
1145;3869
1146;3862
1147;3866
1148;3858
1149;3861
1150;3859
1151;3855
1152;3857
1153;3857
1154;3852
1155;3851
1156;3848
1157;3853
1158;3849
1159;3850
1160;3846
1161;3841
1162;3837
1163;3839
1164;3840
1165;3839
1166;3836
1167;3832
1168;3831
1169;3831
1170;3830
1171;3831
1172;3826
1173;3827
1174;3831
1175;3823
1176;3822
1177;3823
1178;3830
1179;3825
1180;3817
1181;3821
1182;3823
1183;3814
1184;3819
1185;3815
1186;3814
1187;3811
1188;3814
1189;3805
1190;3811
1191;3809
1192;3808
1193;3809
1194;3810
1195;3806
1196;3800
1197;3806
1198;3803
1199;3804
1200;3802
1201;3803
1202;3799
1203;3799
1204;3799
1205;3805
1206;3781
1207;3794
1208;3799
1209;3799
1210;3795
1211;3795
1212;3798
1213;3800
1214;3791
1215;3794
1216;3795
1217;3805
1218;3795
1219;3792
1220;3786
1221;3790
1222;3792
1223;3784
1224;3793
1225;3792
1226;3791
1227;3790
1228;3791
1229;3786
1230;3791
1231;3790
1232;3789
1233;3789
1234;3787
1235;3788
1236;3792
1237;3785
1238;3786
1239;3786
1240;3789
1241;3789
1242;3790
1243;3789
1244;3786
1245;3783
1246;3788
1247;3785
1248;3786
1249;3799
1250;3803
1251;3799
1252;3806
1253;3801
1254;3801
1255;3800
1256;3801
1257;3799
1258;3803
1259;3803
1260;3801
1261;3802
1262;3802
1263;3802
1264;3799
1265;3799
1266;3802
1267;3799
1268;3802
1269;3799
1270;3799
1271;3795
1272;3802
1273;3801
1274;3799
1275;3801
1276;3802
1277;3801
1278;3796
1279;3799
1280;3799
1281;3799
1282;3800
1283;3798
1284;3802
1285;3799
1286;3801
1287;3801
1288;3803
1289;3801
1290;3803
1291;3799
1292;3797
1293;3800
1294;3801
1295;3795
1296;3803
1297;3800
1298;3805
1299;3797
1300;3799
1301;3802
1302;3800
1303;3824
1304;3806
1305;3802
1306;3801
1307;3800
1308;3799
1309;3805
1310;3801
1311;3798
1312;3803
1313;3805
1314;3803
1315;3787
1316;3795
1317;3803
1318;3801
1319;3803
1320;3796
1321;3805
1322;3801
1323;3800
1324;3799
1325;3802
1326;3797
1327;3799
1328;3798
1329;3803
1330;3799
1331;3801
1332;3799
1333;3806
1334;3801
1335;3795
1336;3799
1337;3802
1338;3802
1339;3801
1340;3799
1341;3805
1342;3809
1343;3799
1344;3794
1345;3805
1346;3799
1347;3800
1348;3798
1349;3802
1350;3803
1351;3797
1352;3798
1353;3802
1354;3807
1355;3795
1356;3799
1357;3801
1358;3803
1359;3800
1360;3804
1361;3805
1362;3801
1363;3801
1364;3795
1365;3801
1366;3802
1367;3794
1368;3799
1369;3799
1370;3805
1371;3801
1372;3798
1373;3804
1374;3803
1375;3801
1376;3803
1377;3803
1378;3801
1379;3797
1380;3802
1381;3803
1382;3795
1383;3797
1384;3798
1385;3801
1386;3800
1387;3802
1388;3799
1389;3801
1390;3801
1391;3799
1392;3801
1393;3798
1394;3800
1395;3800
1396;3798
1397;3803
1398;3803
1399;3803
1400;3798
1401;3801
1402;3802
1403;3803
1404;3803
1405;3799
1406;3790
1407;3799
1408;3803
1409;3803
1410;3795
1411;3799
1412;3799
1413;3803
1414;3800
1415;3803
1416;3799
1417;3799
1418;3803
1419;3801
1420;3788
1421;3798
1422;3801
1423;3797
1424;3802
1425;3799
1426;3798
1427;3803
1428;3798
1429;3795
1430;3797
1431;3799
1432;3792
1433;3797
1434;3801
1435;3797
1436;3799
1437;3799
1438;3801
1439;3803
1440;3802
1441;3806
1442;3807
1443;3803
1444;3801
1445;3805
1446;3804
1447;3799
1448;3801
1449;3800
1450;3801
1451;3802
1452;3803
1453;3797
1454;3801
1455;3797
1456;3799
1457;3799
1458;3804
1459;3799
1460;3803
1461;3799
1462;3802
1463;3795
1464;3799
1465;3801
1466;3812
1467;3803
1468;3800
1469;3801
1470;3804
1471;3801
1472;3801
1473;3797
1474;3804
1475;3803
1476;3799
1477;3795
1478;3804
1479;3803
1480;3796
1481;3799
1482;3800
1483;3803
1484;3798
1485;3801
1486;3801
1487;3801
1488;3802
1489;3801
1490;3803
1491;3803
1492;3801
1493;3801
1494;3800
1495;3808
1496;3802
1497;3795
1498;3796
1499;3799
1500;3799
1501;3797
1502;3800
1503;3801
1504;3803
1505;3797
1506;3805
1507;3801
1508;3798
1509;3803
1510;3797
1511;3803
1512;3799
1513;3801
1514;3797
1515;3807
1516;3798
1517;3798
1518;3802
1519;3799
1520;3803
1521;3801
1522;3805
1523;3801
1524;3803
1525;3799
1526;3803
1527;3799
1528;3799
1529;3797
1530;3803
1531;3799
1532;3799
1533;3792
1534;3799
1535;3801
1536;3802
1537;3797
1538;3799
1539;3803
1540;3803
1541;3799
1542;3803
1543;3799
1544;3799
1545;3795
1546;3799
1547;3803
1548;3799
1549;3797
1550;3799
1551;3799
1552;3800
1553;3799
1554;3802
1555;3801
1556;3799
1557;3797
1558;3805
1559;3803
1560;3801
1561;3798
1562;3797
1563;3803
1564;3801
1565;3801
1566;3801
1567;3803
1568;3802
1569;3805
1570;3802
1571;3803
1572;3803
1573;3799
1574;3803
1575;3801
1576;3803
1577;3799
1578;3794
1579;3795
1580;3797
1581;3792
1582;3801
1583;3799
1584;3802
1585;3800
1586;3806
1587;3809
1588;3804
1589;3794
1590;3797
1591;3803
1592;3798
1593;3797
1594;3798
1595;3804
1596;3801
1597;3799
1598;3800
1599;3800
1600;3803
1601;3769
1602;3802
1603;3800
1604;3809
1605;3799
1606;3801
1607;3804
1608;3803
1609;3798
1610;3795
1611;3803
1612;3798
1613;3795
1614;3803
1615;3801
1616;3794
1617;3800
1618;3795
1619;3801
1620;3803
1621;3795
1622;3801
1623;3799
1624;3799
1625;3800
1626;3799
1627;3806
1628;3806
1629;3799
1630;3802
1631;3803
1632;3802
1633;3799
1634;3798
1635;3802
1636;3799
1637;3799
1638;3802
1639;3803
1640;3794
1641;3803
1642;3805
1643;3805
1644;3802
1645;3798
1646;3798
1647;3801
1648;3803
1649;3801
1650;3795
1651;3802
1652;3802
1653;3800
1654;3784
1655;3802
1656;3801
1657;3799
1658;3803
1659;3802
1660;3789
1661;3787
1662;3798
1663;3803
1664;3799
1665;3801
1666;3806
1667;3799
1668;3803
1669;3800
1670;3800
1671;3800
1672;3800
1673;3799
1674;3798
1675;3800
1676;3802
1677;3800
1678;3801
1679;3801
1680;3798
1681;3798
1682;3805
1683;3795
1684;3798
1685;3799
1686;3800
1687;3797
1688;3801
1689;3801
1690;3798
1691;3801
1692;3802
1693;3797
1694;3800
1695;3795
1696;3798
1697;3795
1698;3790
1699;3795
1700;3791
1701;3791
1702;3789
1703;3787
1704;3792
1705;3775
1706;3787
1707;3785
1708;3782
1709;3779
1710;3771
1711;3771
1712;3763
1713;3751
1714;3750
1715;3743
1716;3736
1717;3728
1718;3719
1719;3718
1720;3707
1721;3703
1722;3681
1723;3675
1724;3682
1725;3673
1726;3664
1727;3661
1728;3656
1729;3647
1730;3635
1731;3637
1732;3621
1733;3617
1734;3606
1735;3601
1736;3590
1737;3585
1738;3578
1739;3571
1740;3568
1741;3555
1742;3556
1743;3539
1744;3538
1745;3527
1746;3523
1747;3515
1748;3509
1749;3486
1750;3492
1751;3483
1752;3473
1753;3466
1754;3463
1755;3450
1756;3445
1757;3435
1758;3430
1759;3419
1760;3432
1761;3409
1762;3391
1763;3385
1764;3386
1765;3367
1766;3376
1767;3344
1768;3340
1769;3347
1770;3331
1771;3328
1772;3324
1773;3267
1774;3301
1775;3296
1776;3268
1777;3281
1778;3267
1779;3259
1780;3252
1781;3243
1782;3235
1783;3229
1784;3224
1785;3211
1786;3214
1787;3197
1788;3197
1789;3189
1790;3182
1791;3178
1792;3173
1793;3155
1794;3155
1795;3151
1796;3137
1797;3135
1798;3124
1799;3121
1800;3108
1801;3102
1802;3098
1803;3090
1804;3080
1805;3075
1806;3065
1807;3061
1808;3055
1809;3047
1810;3036
1811;3017
1812;3017
1813;3001
1814;2997
1815;2999
1816;2994
1817;2986
1818;2973
1819;2966
1820;2958
1821;2949
1822;2941
1823;2931
1824;2928
1825;2919
1826;2914
1827;2903
1828;2899
1829;2895
1830;2881
1831;2872
1832;2867
1833;2857
1834;2855
1835;2841
1836;2834
1837;2826
1838;2823
1839;2811
1840;2830
1841;2802
1842;2794
1843;2779
1844;2778
1845;2769
1846;2762
1847;2758
1848;2747
1849;2753
1850;2733
1851;2725
1852;2722
1853;2711
1854;2708
1855;2698
1856;2680
1857;2689
1858;2673
1859;2665
1860;2664
1861;2655
1862;2647
1863;2639
1864;2640
1865;2631
1866;2621
1867;2612
1868;2602
1869;2599
1870;2595
1871;2584
1872;2576
1873;2571
1874;2569
1875;2556
1876;2552
1877;2554
1878;2560
1879;2523
1880;2524
1881;2517
1882;2506
1883;2498
1884;2489
1885;2480
1886;2475
1887;2467
1888;2462
1889;2451
1890;2445
1891;2432
1892;2426
1893;2431
1894;2412
1895;2414
1896;2396
1897;2392
1898;2384
1899;2371
1900;2367
1901;2358
1902;2357
1903;2342
1904;2330
1905;2336
1906;2317
1907;2311
1908;2305
1909;2290
1910;2290
1911;2283
1912;2275
1913;2266
1914;2261
1915;2264
1916;2246
1917;2241
1918;2249
1919;2222
1920;2216
1921;2205
1922;2199
1923;2187
1924;2178
1925;2180
1926;2168
1927;2163
1928;2154
1929;2151
1930;2138
1931;2125
1932;2126
1933;2112
1934;2106
1935;2097
1936;2087
1937;2083
1938;2081
1939;2073
1940;2022
1941;2058
1942;2049
1943;2041
1944;2027
1945;2027
1946;2018
1947;2003
1948;2001
1949;2013
1950;1993
1951;1979
1952;1971
1953;1969
1954;1970
1955;1954
1956;1946
1957;1948
1958;1930
1959;1920
1960;1920
1961;1907
1962;1903
1963;1894
1964;1880
1965;1878
1966;1868
1967;1879
1968;1856
1969;1849
1970;1843
1971;1826
1972;1822
1973;1829
1974;1808
1975;1799
1976;1797
1977;1783
1978;1779
1979;1769
1980;1755
1981;1754
1982;1746
1983;1736
1984;1734
1985;1725
1986;1720
1987;1700
1988;1706
1989;1686
1990;1685
1991;1672
1992;1668
1993;1662
1994;1652
1995;1648
1996;1637
1997;1624
1998;1623
1999;1617
2000;1608
2001;1602
2002;1593
2003;1588
2004;1575
2005;1571
2006;1564
2007;1557
2008;1554
2009;1541
2010;1533
2011;1529
2012;1519
2013;1541
2014;1513
2015;1499
2016;1496
2017;1482
2018;1481
2019;1495
2020;1464
2021;1459
2022;1455
2023;1439
2024;1432
2025;1425
2026;1417
2027;1409
2028;1402
2029;1400
2030;1388
2031;1336
2032;1378
2033;1361
2034;1356
2035;1344
2036;1339
2037;1349
2038;1325
2039;1321
2040;1310
2041;1307
2042;1296
2043;1290
2044;1288
2045;1271
2046;1257
2047;1251
2048;1266
2049;1231
2050;1226
2051;1217
2052;1211
2053;1204
2054;1193
2055;1186
2056;1182
2057;1166
2058;1162
2059;1151
2060;1140
2061;1138
2062;1132
2063;1118
2064;1113
2065;1107
2066;1092
2067;1087
2068;1071
2069;1070
2070;1069
2071;1064
2072;1048
2073;1044
2074;1049
2075;1023
2076;1017
2077;1014
2078;994
2079;994
2080;981
2081;976
2082;971
2083;962
2084;962
2085;950
2086;944
2087;900
2088;922
2089;912
2090;913
2091;903
2092;848
2093;884
2094;880
2095;869
2096;865
2097;865
2098;846
2099;840
2100;839
2101;824
2102;818
2103;813
2104;802
2105;793
2106;791
2107;888
2108;740
2109;765
2110;757
2111;756
2112;746
2113;718
2114;725
2115;722
2116;714
2117;703
2118;701
2119;691
2120;680
2121;673
2122;665
2123;662
2124;651
2125;640
2126;642
2127;636
2128;624
2129;617
2130;604
2131;600
2132;594
2133;590
2134;583
2135;569
2136;571
2137;555
2138;552
2139;544
2140;541
2141;531
2142;525
2143;508
2144;510
2145;484
2146;495
2147;488
2148;481
2149;474
2150;466
2151;459
2152;481
2153;445
2154;439
2155;435
2156;430
2157;423
2158;414
2159;407
2160;401
2161;393
2162;378
2163;374
2164;367
2165;364
2166;344
2167;349
2168;344
2169;339
2170;326
2171;321
2172;315
2173;302
2174;303
2175;290
2176;280
2177;281
2178;262
2179;260
2180;252
2181;240
2182;234
2183;227
2184;222
2185;209
2186;202
2187;192
2188;193
2189;184
2190;173
2191;172
2192;168
2193;154
2194;154
2195;143
2196;143
2197;137
2198;139
2199;147
2200;141
2201;143
2202;141
2203;136
2204;140
2205;131
2206;137
2207;137
2208;137
2209;132
2210;143
2211;137
2212;138
2213;128
2214;138
2215;136
2216;137
2217;134
2218;136
2219;136
2220;134
2221;141
2222;139
2223;137
2224;134
2225;135
2226;136
2227;136
2228;132
2229;141
2230;134
2231;130
2232;145
2233;136
2234;136
2235;134
2236;135
2237;136
2238;135
2239;134
2240;137
2241;138
2242;138
2243;142
2244;135
2245;135
2246;135
2247;133
2248;136
2249;138
2250;137
2251;137
2252;136
2253;136
2254;138
2255;139
2256;136
2257;138
2258;138
2259;136
2260;137
2261;128
2262;139
2263;136
2264;132
2265;137
2266;136
2267;135
2268;136
2269;120
2270;133
2271;138
2272;133
2273;140
2274;133
2275;136
2276;134
2277;133
2278;135
2279;137
2280;133
2281;135
2282;140
2283;126
2284;144
2285;137
2286;139
2287;137
2288;139
2289;136
2290;136
2291;135
2292;134
2293;144
2294;137
2295;134
2296;131
2297;136
2298;137
2299;138
2300;135
2301;137
2302;132
2303;133
2304;142
2305;144
2306;136
2307;135
2308;137
2309;140
2310;139
2311;137
2312;133
2313;138
2314;134
2315;137
2316;134
2317;137
2318;136
2319;140
2320;138
2321;136
2322;135
2323;137
2324;137
2325;138
2326;138
2327;132
2328;134
2329;136
2330;135
2331;136
2332;142
2333;138
2334;135
2335;138
2336;134
2337;135
2338;133
2339;139
2340;136
2341;133
2342;139
2343;132
2344;133
2345;137
2346;140
2347;136
2348;137
2349;134
2350;136
2351;140
2352;134
2353;126
2354;138
2355;136
2356;134
2357;131
2358;136
2359;136
2360;136
2361;130
2362;137
2363;136
2364;128
2365;134
2366;138
2367;137
2368;133
2369;136
2370;140
2371;133
2372;135
2373;135
2374;135
2375;130
2376;137
2377;134
2378;134
2379;132
2380;134
2381;127
2382;136
2383;140
2384;136
2385;138
2386;137
2387;137
2388;137
2389;136
2390;138
2391;134
2392;139
2393;140
2394;139
2395;136
2396;142
2397;134
2398;136
2399;137
2400;133
2401;142
2402;142
2403;147
2404;146
2405;143
2406;142
2407;147
2408;144
2409;148
2410;153
2411;151
2412;149
2413;150
2414;160
2415;149
2416;155
2417;154
2418;154
2419;161
2420;165
2421;158
2422;165
2423;166
2424;168
2425;171
2426;170
2427;168
2428;172
2429;165
2430;171
2431;170
2432;169
2433;171
2434;170
2435;169
2436;175
2437;173
2438;170
2439;173
2440;172
2441;174
2442;175
2443;199
2444;197
2445;197
2446;194
2447;203
2448;201
2449;197
2450;188
2451;196
2452;196
2453;196
2454;199
2455;197
2456;198
2457;196
2458;194
2459;194
2460;199
2461;196
2462;196
2463;195
2464;198
2465;201
2466;198
2467;202
2468;200
2469;191
2470;195
2471;198
2472;197
2473;190
2474;199
2475;198
2476;199
2477;200
2478;198
2479;196
2480;196
2481;197
2482;199
2483;198
2484;200
2485;201
2486;206
2487;196
2488;192
2489;197
2490;195
2491;195
2492;200
2493;191
2494;194
2495;197
2496;198
2497;193
2498;201
2499;191
2500;197
2501;154
2502;198
2503;197
2504;198
2505;197
2506;196
2507;196
2508;195
2509;200
2510;196
2511;197
2512;222
2513;196
2514;195
2515;196
2516;195
2517;197
2518;199
2519;202
2520;196
2521;196
2522;198
2523;197
2524;198
2525;200
2526;198
2527;197
2528;200
2529;192
2530;199
2531;197
2532;197
2533;194
2534;204
2535;197
2536;197
2537;192
2538;196
2539;202
2540;196
2541;202
2542;197
2543;197
2544;199
2545;193
2546;194
2547;198
2548;197
2549;198
2550;193
2551;197
2552;205
2553;193
2554;193
2555;193
2556;197
2557;196
2558;196
2559;202
2560;195
2561;194
2562;193
2563;205
2564;196
2565;197
2566;197
2567;196
2568;199
2569;185
2570;199
2571;192
2572;196
2573;197
2574;193
2575;195
2576;201
2577;200
2578;202
2579;202
2580;196
2581;199
2582;197
2583;196
2584;200
2585;199
2586;187
2587;203
2588;199
2589;191
2590;200
2591;197
2592;194
2593;195
2594;198
2595;198
2596;201
2597;199
2598;196
2599;199
2600;201
2601;196
2602;196
2603;196
2604;197
2605;194
2606;198
2607;223
2608;196
2609;191
2610;195
2611;200
2612;195
2613;195
2614;195
2615;198
2616;198
2617;200
2618;206
2619;199
2620;193
2621;196
2622;196
2623;197
2624;199
2625;202
2626;193
2627;194
2628;197
2629;202
2630;199
2631;195
2632;197
2633;198
2634;200
2635;204
2636;199
2637;201
2638;196
2639;196
2640;199
2641;198
2642;201
2643;197
2644;194
2645;193
2646;199
2647;204
2648;200
2649;198
2650;197
2651;200
2652;199
2653;196
2654;192
2655;196
2656;200
2657;197
2658;199
2659;194
2660;197
2661;172
2662;196
2663;197
2664;197
2665;197
2666;198
2667;197
2668;196
2669;200
2670;193
2671;202
2672;193
2673;198
2674;194
2675;198
2676;204
2677;198
2678;197
2679;197
2680;198
2681;197
2682;194
2683;196
2684;196
2685;202
2686;199
2687;196
2688;197
2689;199
2690;198
2691;195
2692;196
2693;193
2694;197
2695;196
2696;192
2697;201
2698;195
2699;198
2700;197
2701;194
2702;200
2703;197
2704;197
2705;193
2706;198
2707;196
2708;183
2709;198
2710;203
2711;198
2712;199
2713;195
2714;188
2715;197
2716;201
2717;179
2718;204
2719;192
2720;194
2721;198
2722;190
2723;198
2724;200
2725;193
2726;197
2727;200
2728;201
2729;196
2730;198
2731;199
2732;196
2733;198
2734;198
2735;204
2736;194
2737;206
2738;200
2739;200
2740;197
2741;193
2742;196
2743;196
2744;197
2745;193
2746;201
2747;207
2748;193
2749;197
2750;197
2751;199
2752;196
2753;195
2754;196
2755;197
2756;198
2757;195
2758;197
2759;198
2760;200
2761;200
2762;198
2763;194
2764;196
2765;196
2766;203
2767;198
2768;197
2769;198
2770;194
2771;198
2772;200
2773;197
2774;196
2775;197
2776;202
2777;194
2778;198
2779;201
2780;198
2781;197
2782;196
2783;200
2784;193
2785;201
2786;202
2787;194
2788;195
2789;200
2790;195
2791;195
2792;196
2793;197
2794;198
2795;197
2796;198
2797;199
2798;198
2799;198
2800;196
2801;198
2802;202
2803;196
2804;197
2805;194
2806;206
2807;196
2808;199
2809;198
2810;198
2811;200
2812;197
2813;199
2814;202
2815;198
2816;198
2817;200
2818;190
2819;201
2820;195
2821;201
2822;196
2823;196
2824;193
2825;200
2826;204
2827;193
2828;196
2829;197
2830;202
2831;200
2832;201
2833;195
2834;198
2835;201
2836;200
2837;188
2838;196
2839;194
2840;197
2841;196
2842;194
2843;197
2844;195
2845;196
2846;195
2847;197
2848;200
2849;195
2850;202
2851;196
2852;194
2853;198
2854;196
2855;198
2856;193
2857;199
2858;194
2859;198
2860;199
2861;192
2862;197
2863;200
2864;194
2865;181
2866;200
2867;198
2868;200
2869;196
2870;202
2871;203
2872;197
2873;201
2874;192
2875;197
2876;201
2877;194
2878;198
2879;198
2880;192
2881;196
2882;190
2883;219
2884;202
2885;197
2886;197
2887;196
2888;189
2889;198
2890;197
2891;196
2892;198
2893;204
2894;202
2895;191
2896;201
2897;197
2898;198
2899;207
2900;196
2901;199
2902;196
2903;197
2904;196
2905;199
2906;197
2907;194
2908;196
2909;195
2910;197
2911;191
2912;194
2913;184
2914;197
2915;199
2916;196
2917;198
2918;196
2919;194
2920;200
2921;205
2922;193
2923;198
2924;202
2925;200
2926;202
2927;199
2928;201
2929;195
2930;196
2931;197
2932;205
2933;190
2934;196
2935;194
2936;197
2937;201
2938;198
2939;198
2940;198
2941;195
2942;197
2943;201
2944;199
2945;197
2946;196
2947;196
2948;197
2949;197
2950;194
2951;199
2952;205
2953;196
2954;199
2955;197
2956;200
2957;198
2958;198
2959;193
2960;199
2961;197
2962;194
2963;194
2964;200
2965;197
2966;199
2967;193
2968;193
2969;200
2970;199
2971;196
2972;200
2973;199
2974;198
2975;197
2976;202
2977;191
2978;199
2979;198
2980;192
2981;197
2982;202
2983;201
2984;198
2985;200
2986;195
2987;197
2988;200
2989;193
2990;197
2991;196
2992;197
2993;202
2994;199
2995;196
2996;197
2997;194
2998;199
2999;195
3000;195
3001;197
3002;196
3003;196
3004;204
3005;202
3006;192
3007;196
3008;197
3009;196
3010;199
3011;197
3012;186
3013;194
3014;200
3015;197
3016;198
3017;198
3018;196
3019;192
3020;196
3021;200
3022;197
3023;196
3024;193
3025;197
3026;199
3027;200
3028;195
3029;200
3030;203
3031;199
3032;197
3033;198
3034;200
3035;196
3036;197
3037;197
3038;197
3039;197
3040;197
3041;194
3042;197
3043;197
3044;198
3045;196
3046;198
3047;193
3048;202
3049;199
3050;192
3051;200
3052;199
3053;195
3054;203
3055;197
3056;198
3057;195
3058;193
3059;194
3060;198
3061;201
3062;197
3063;201
3064;199
3065;196
3066;196
3067;201
3068;198
3069;196
3070;201
3071;200
3072;193
3073;198
3074;193
3075;193
3076;205
3077;199
3078;195
3079;197
3080;197
3081;201
3082;205
3083;196
3084;196
3085;195
3086;199
3087;198
3088;198
3089;202
3090;198
3091;197
3092;196
3093;197
3094;195
3095;200
3096;197
3097;197
3098;199
3099;197
3100;200
3101;198
3102;200
3103;191
3104;191
3105;199
3106;195
3107;194
3108;190
3109;199
3110;195
3111;199
3112;197
3113;196
3114;199
3115;198
3116;197
3117;196
3118;193
3119;202
3120;201
3121;197
3122;197
3123;194
3124;201
3125;192
3126;200
3127;197
3128;200
3129;197
3130;198
3131;209
3132;199
3133;197
3134;196
3135;196
3136;200
3137;196
3138;193
3139;200
3140;194
3141;196
3142;193
3143;192
3144;197
3145;199
3146;200
3147;196
3148;191
3149;201
3150;202
3151;197
3152;198
3153;199
3154;196
3155;194
3156;190
3157;197
3158;202
3159;199
3160;193
3161;194
3162;197
3163;194
3164;199
3165;197
3166;198
3167;201
3168;197
3169;199
3170;198
3171;199
3172;194
3173;196
3174;201
3175;194
3176;197
3177;199
3178;200
3179;194
3180;199
3181;194
3182;193
3183;193
3184;201
3185;202
3186;197
3187;201
3188;204
3189;203
3190;198
3191;212
3192;213
3193;214
3194;221
3195;218
3196;224
3197;229
3198;238
3199;239
3200;249
3201;251
3202;260
3203;261
3204;268
3205;270
3206;277
3207;284
3208;290
3209;286
3210;302
3211;307
3212;310
3213;317
3214;325
3215;335
3216;336
3217;345
3218;352
3219;360
3220;365
3221;365
3222;380
3223;381
3224;397
3225;398
3226;407
3227;408
3228;422
3229;428
3230;435
3231;436
3232;449
3233;448
3234;467
3235;477
3236;474
3237;480
3238;488
3239;496
3240;503
3241;506
3242;512
3243;519
3244;530
3245;533
3246;537
3247;548
3248;554
3249;562
3250;567
3251;574
3252;584
3253;594
3254;596
3255;604
3256;610
3257;620
3258;624
3259;632
3260;639
3261;642
3262;655
3263;659
3264;667
3265;662
3266;682
3267;691
3268;705
3269;709
3270;717
3271;726
3272;731
3273;737
3274;750
3275;753
3276;765
3277;766
3278;777
3279;792
3280;797
3281;802
3282;811
3283;819
3284;797
3285;833
3286;835
3287;844
3288;857
3289;859
3290;877
3291;881
3292;885
3293;890
3294;911
3295;901
3296;917
3297;899
3298;933
3299;940
3300;940
3301;955
3302;958
3303;974
3304;969
3305;975
3306;986
3307;987
3308;998
3309;1016
3310;1018
3311;1029
3312;1037
3313;1044
3314;1047
3315;1058
3316;1065
3317;1073
3318;1077
3319;1090
3320;1095
3321;1104
3322;1111
3323;1126
3324;1135
3325;1139
3326;1140
3327;1159
3328;1163
3329;1170
3330;1174
3331;1185
3332;1199
3333;1200
3334;1190
3335;1223
3336;1234
3337;1242
3338;1247
3339;1256
3340;1261
3341;1272
3342;1279
3343;1291
3344;1274
3345;1304
3346;1306
3347;1321
3348;1323
3349;1334
3350;1342
3351;1345
3352;1355
3353;1371
3354;1376
3355;1376
3356;1392
3357;1399
3358;1411
3359;1415
3360;1420
3361;1431
3362;1450
3363;1448
3364;1453
3365;1467
3366;1472
3367;1473
3368;1487
3369;1497
3370;1504
3371;1516
3372;1518
3373;1519
3374;1528
3375;1533
3376;1543
3377;1547
3378;1559
3379;1564
3380;1574
3381;1580
3382;1582
3383;1593
3384;1599
3385;1603
3386;1616
3387;1605
3388;1637
3389;1645
3390;1647
3391;1666
3392;1657
3393;1669
3394;1676
3395;1681
3396;1697
3397;1701
3398;1708
3399;1721
3400;1725
3401;1734
3402;1739
3403;1747
3404;1753
3405;1764
3406;1775
3407;1778
3408;1789
3409;1796
3410;1800
3411;1808
3412;1820
3413;1823
3414;1829
3415;1841
3416;1844
3417;1857
3418;1867
3419;1869
3420;1864
3421;1879
3422;1892
3423;1905
3424;1913
3425;1922
3426;1932
3427;1935
3428;1942
3429;1948
3430;1954
3431;1963
3432;1968
3433;1975
3434;1983
3435;1991
3436;1998
3437;2010
3438;2013
3439;2025
3440;2025
3441;2038
3442;2046
3443;2049
3444;2054
3445;2064
3446;2076
3447;2083
3448;2093
3449;2099
3450;2121
3451;2129
3452;2117
3453;2137
3454;2139
3455;2147
3456;2160
3457;2165
3458;2170
3459;2176
3460;2178
3461;2195
3462;2207
3463;2210
3464;2221
3465;2227
3466;2236
3467;2243
3468;2250
3469;2259
3470;2260
3471;2271
3472;2284
3473;2291
3474;2292
3475;2299
3476;2315
3477;2323
3478;2327
3479;2353
3480;2346
3481;2351
3482;2351
3483;2369
3484;2377
3485;2390
3486;2369
3487;2397
3488;2410
3489;2418
3490;2423
3491;2433
3492;2441
3493;2451
3494;2461
3495;2465
3496;2476
3497;2487
3498;2497
3499;2499
3500;2503
3501;2515
3502;2525
3503;2524
3504;2531
3505;2546
3506;2556
3507;2556
3508;2565
3509;2574
3510;2577
3511;2583
3512;2594
3513;2595
3514;2605
3515;2618
3516;2606
3517;2650
3518;2635
3519;2640
3520;2655
3521;2659
3522;2681
3523;2675
3524;2658
3525;2695
3526;2691
3527;2698
3528;2709
3529;2714
3530;2723
3531;2730
3532;2738
3533;2723
3534;2763
3535;2768
3536;2767
3537;2779
3538;2779
3539;2766
3540;2803
3541;2808
3542;2813
3543;2822
3544;2831
3545;2841
3546;2843
3547;2854
3548;2859
3549;2865
3550;2872
3551;2884
3552;2889
3553;2909
3554;2911
3555;2913
3556;2920
3557;2927
3558;2934
3559;2943
3560;2956
3561;2957
3562;2968
3563;2974
3564;2979
3565;2996
3566;3003
3567;3001
3568;3006
3569;3024
3570;3034
3571;3041
3572;3046
3573;3061
3574;3065
3575;3072
3576;3080
3577;3070
3578;3098
3579;3103
3580;3110
3581;3118
3582;3129
3583;3131
3584;3141
3585;3148
3586;3155
3587;3166
3588;3175
3589;3176
3590;3185
3591;3195
3592;3202
3593;3195
3594;3219
3595;3222
3596;3235
3597;3240
3598;3243
3599;3250
3600;3259
3601;3268
3602;3282
3603;3289
3604;3295
3605;3302
3606;3319
3607;3330
3608;3326
3609;3336
3610;3343
3611;3356
3612;3326
3613;3368
3614;3381
3615;3379
3616;3385
3617;3399
3618;3405
3619;3411
3620;3424
3621;3434
3622;3442
3623;3447
3624;3446
3625;3465
3626;3467
3627;3479
3628;3483
3629;3494
3630;3499
3631;3509
3632;3518
3633;3527
3634;3539
3635;3544
3636;3553
3637;3561
3638;3571
3639;3576
3640;3580
3641;3586
3642;3600
3643;3609
3644;3622
3645;3627
3646;3635
3647;3645
3648;3658
3649;3651
3650;3677
3651;3680
3652;3662
3653;3699
3654;3708
3655;3718
3656;3724
3657;3723
3658;3734
3659;3743
3660;3754
3661;3763
3662;3768
3663;3780
3664;3789
3665;3796
3666;3809
3667;3813
3668;3821
3669;3833
3670;3841
3671;3849
3672;3853
3673;3864
3674;3875
3675;3887
3676;3886
3677;3898
3678;3907
3679;3919
3680;3920
3681;3929
3682;3939
3683;3945
3684;3949
3685;3955
3686;3967
3687;3970
3688;3973
3689;3982
3690;3989
3691;3999
3692;4009
3693;4019
3694;4023
3695;4018
3696;4022
3697;4022
3698;4017
3699;4021
3700;4019
3701;4016
3702;4009
3703;4025
3704;4023
3705;4022
3706;4025
3707;4025
3708;4023
3709;4022
3710;4021
3711;4020
3712;4011
3713;4020
3714;4028
3715;4020
3716;4019
3717;4023
3718;4023
3719;4018
3720;4019
3721;4014
3722;4029
3723;4023
3724;4017
3725;4022
3726;4025
3727;4023
3728;4019
3729;4018
3730;4024
3731;4027
3732;4021
3733;4022
3734;4012
3735;4023
3736;4017
3737;4018
3738;4027
3739;4021
3740;4023
3741;4017
3742;4022
3743;4020
3744;4023
3745;4026
3746;4024
3747;4019
3748;4019
3749;4019
3750;4029
3751;4021
3752;4016
3753;4018
3754;4029
3755;4019
3756;4021
3757;4023
3758;4021
3759;4023
3760;4018
3761;4026
3762;4019
3763;4023
3764;4021
3765;4017
3766;4017
3767;4017
3768;4027
3769;4017
3770;4020
3771;4023
3772;4019
3773;4027
3774;4022
3775;4023
3776;4023
3777;4018
3778;4028
3779;4030
3780;4021
3781;4019
3782;4018
3783;4017
3784;4019
3785;4025
3786;4018
3787;4019
3788;4019
3789;4014
3790;4026
3791;4023
3792;4020
3793;4022
3794;4019
3795;4022
3796;4019
3797;4018
3798;4016
3799;4019
3800;4019
3801;4016
3802;4019
3803;4023
3804;4023
3805;4023
3806;4014
3807;4023
3808;4016
3809;4024
3810;4019
3811;4020
3812;4017
3813;4022
3814;4019
3815;4019
3816;4019
3817;4019
3818;4027
3819;4024
3820;4027
3821;4007
3822;4003
3823;4006
3824;3995
3825;3987
3826;3990
3827;3987
3828;3987
3829;3986
3830;3985
3831;3984
3832;3979
3833;3971
3834;3973
3835;3977
3836;3973
3837;3970
3838;3965
3839;3965
3840;3963
3841;3961
3842;3957
3843;3960
3844;3955
3845;3952
3846;3954
3847;3952
3848;3953
3849;3952
3850;3943
3851;3941
3852;3939
3853;3938
3854;3938
3855;3937
3856;3932
3857;3931
3858;3932
3859;3933
3860;3924
3861;3918
3862;3922
3863;3924
3864;3922
3865;3915
3866;3918
3867;3914
3868;3911
3869;3913
3870;3912
3871;3913
3872;3902
3873;3903
3874;3894
3875;3897
3876;3895
3877;3891
3878;3890
3879;3892
3880;3891
3881;3883
3882;3883
3883;3884
3884;3881
3885;3875
3886;3875
3887;3880
3888;3877
3889;3869
3890;3866
3891;3874
3892;3869
3893;3866
3894;3862
3895;3870
3896;3862
3897;3861
3898;3857
3899;3869
3900;3861
3901;3859
3902;3856
3903;3857
3904;3854
3905;3849
3906;3849
3907;3849
3908;3847
3909;3842
3910;3841
3911;3842
3912;3835
3913;3836
3914;3834
3915;3840
3916;3829
3917;3835
3918;3830
3919;3829
3920;3830
3921;3827
3922;3827
3923;3833
3924;3820
3925;3822
3926;3821
3927;3824
3928;3819
3929;3819
3930;3831
3931;3830
3932;3822
3933;3816
3934;3814
3935;3820
3936;3811
3937;3815
3938;3810
3939;3811
3940;3813
3941;3809
3942;3812
3943;3809
3944;3809
3945;3806
3946;3803
3947;3801
3948;3801
3949;3799
3950;3803
3951;3801
3952;3803
3953;3797
3954;3794
3955;3798
3956;3766
3957;3779
3958;3778
3959;3779
3960;3778
3961;3779
3962;3781
3963;3779
3964;3775
3965;3781
3966;3780
3967;3783
3968;3779
3969;3779
3970;3780
3971;3783
3972;3783
3973;3779
3974;3780
3975;3779
3976;3782
3977;3779
3978;3786
3979;3785
3980;3783
3981;3781
3982;3784
3983;3771
3984;3771
3985;3781
3986;3786
3987;3771
3988;3785
3989;3782
3990;3788
3991;3781
3992;3781
3993;3781
3994;3796
3995;3781
3996;3775
3997;3781
3998;3780
3999;3785
4000;3783
4001;3779
4002;3780
4003;3781
4004;3782
4005;3781
4006;3780
4007;3779
4008;3781
4009;3777
4010;3781
4011;3782
4012;3783
4013;3783
4014;3785
4015;3779
4016;3783
4017;3784
4018;3778
4019;3775
4020;3785
4021;3769
4022;3780
4023;3781
4024;3783
4025;3779
4026;3777
4027;3785
4028;3785
4029;3779
4030;3778
4031;3779
4032;3783
4033;3781
4034;3777
4035;3775
4036;3779
4037;3779
4038;3784
4039;3782
4040;3781
4041;3779
4042;3782
4043;3779
4044;3768
4045;3781
4046;3782
4047;3783
4048;3775
4049;3775
4050;3780
4051;3783
4052;3780
4053;3782
4054;3785
4055;3781
4056;3781
4057;3778
4058;3781
4059;3781
4060;3781
4061;3775
4062;3782
4063;3779
4064;3785
4065;3779
4066;3786
4067;3783
4068;3778
4069;3785
4070;3779
4071;3781
4072;3782
4073;3773
4074;3770
4075;3785
4076;3779
4077;3777
4078;3781
4079;3779
4080;3771
4081;3783
4082;3783
4083;3779
4084;3783
4085;3777
4086;3781
4087;3777
4088;3781
4089;3781
4090;3779
4091;3779
4092;3775
4093;3779
4094;3786
4095;3779
4096;3782
4097;3781
4098;3779
4099;3783
4100;3780
4101;3770
4102;3780
4103;3782
4104;3779
4105;3779
4106;3779
4107;3781
4108;3781
4109;3779
4110;3780
4111;3781
4112;3781
4113;3777
4114;3782
4115;3780
4116;3780
4117;3779
4118;3775
4119;3784
4120;3778
4121;3781
4122;3780
4123;3782
4124;3781
4125;3779
4126;3780
4127;3783
4128;3774
4129;3779
4130;3774
4131;3782
4132;3779
4133;3785
4134;3779
4135;3781
4136;3783
4137;3779
4138;3782
4139;3779
4140;3779
4141;3779
4142;3777
4143;3785
4144;3783
4145;3776
4146;3772
4147;3784
4148;3786
4149;3781
4150;3779
4151;3785
4152;3782
4153;3783
4154;3778
4155;3783
4156;3787
4157;3781
4158;3779
4159;3779
4160;3783
4161;3777
4162;3779
4163;3783
4164;3781
4165;3779
4166;3782
4167;3789
4168;3783
4169;3779
4170;3775
4171;3783
4172;3784
4173;3779
4174;3767
4175;3788
4176;3775
4177;3779
4178;3780
4179;3784
4180;3781
4181;3779
4182;3779
4183;3775
4184;3786
4185;3785
4186;3782
4187;3779
4188;3784
4189;3783
4190;3774
4191;3781
4192;3781
4193;3778
4194;3779
4195;3782
4196;3784
4197;3778
4198;3782
4199;3780
4200;3779
4201;3779
4202;3779
4203;3783
4204;3783
4205;3776
4206;3778
4207;3777
4208;3779
4209;3779
4210;3779
4211;3781
4212;3779
4213;3777
4214;3782
4215;3783
4216;3778
4217;3781
4218;3778
4219;3791
4220;3770
4221;3779
4222;3778
4223;3781
4224;3781
4225;3783
4226;3778
4227;3779
4228;3779
4229;3783
4230;3779
4231;3781
4232;3782
4233;3779
4234;3778
4235;3783
4236;3781
4237;3779
4238;3782
4239;3783
4240;3783
4241;3779
4242;3779
4243;3775
4244;3781
4245;3781
4246;3781
4247;3779
4248;3782
4249;3786
4250;3781
4251;3779
4252;3781
4253;3779
4254;3779
4255;3779
4256;3775
4257;3781
4258;3781
4259;3775
4260;3781
4261;3779
4262;3776
4263;3779
4264;3786
4265;3779
4266;3772
4267;3782
4268;3781
4269;3783
4270;3775
4271;3781
4272;3781
4273;3777
4274;3783
4275;3777
4276;3780
4277;3779
4278;3775
4279;3781
4280;3781
4281;3779
4282;3781
4283;3782
4284;3785
4285;3779
4286;3782
4287;3779
4288;3784
4289;3805
4290;3781
4291;3781
4292;3780
4293;3786
4294;3782
4295;3778
4296;3788
4297;3779
4298;3783
4299;3781
4300;3781
4301;3787
4302;3782
4303;3782
4304;3780
4305;3783
4306;3782
4307;3783
4308;3780
4309;3775
4310;3781
4311;3777
4312;3781
4313;3781
4314;3778
4315;3783
4316;3775
4317;3791
4318;3779
4319;3783
4320;3780
4321;3781
4322;3783
4323;3779
4324;3780
4325;3783
4326;3780
4327;3777
4328;3780
4329;3783
4330;3775
4331;3779
4332;3781
4333;3783
4334;3783
4335;3782
4336;3781
4337;3783
4338;3769
4339;3783
4340;3785
4341;3783
4342;3781
4343;3777
4344;3781
4345;3779
4346;3779
4347;3779
4348;3782
4349;3781
4350;3781
4351;3777
4352;3781
4353;3778
4354;3784
4355;3779
4356;3783
4357;3781
4358;3786
4359;3782
4360;3781
4361;3779
4362;3781
4363;3785
4364;3775
4365;3779
4366;3779
4367;3779
4368;3783
4369;3787
4370;3781
4371;3779
4372;3781
4373;3783
4374;3781
4375;3778
4376;3780
4377;3783
4378;3785
4379;3779
4380;3775
4381;3775
4382;3782
4383;3779
4384;3788
4385;3782
4386;3785
4387;3779
4388;3783
4389;3787
4390;3781
4391;3779
4392;3775
4393;3781
4394;3775
4395;3779
4396;3778
4397;3779
4398;3775
4399;3781
4400;3780
4401;3783
4402;3777
4403;3775
4404;3780
4405;3781
4406;3787
4407;3775
4408;3784
4409;3779
4410;3783
4411;3775
4412;3780
4413;3783
4414;3779
4415;3775
4416;3782
4417;3782
4418;3779
4419;3779
4420;3783
4421;3781
4422;3785
4423;3783
4424;3784
4425;3782
4426;3783
4427;3781
4428;3780
4429;3788
4430;3781
4431;3777
4432;3778
4433;3784
4434;3778
4435;3779
4436;3777
4437;3781
4438;3779
4439;3775
4440;3780
4441;3785
4442;3781
4443;3781
4444;3779
4445;3785
4446;3779
4447;3779
4448;3782
4449;3786
4450;3782
4451;3781
4452;3779
4453;3785
4454;3781
4455;3770
4456;3780
4457;3782
4458;3781
4459;3779
4460;3781
4461;3784
4462;3771
4463;3781
4464;3779
4465;3791
4466;3779
4467;3779
4468;3778
4469;3785
4470;3783
4471;3779
4472;3784
4473;3785
4474;3779
4475;3777
4476;3778
4477;3784
4478;3801
4479;3776
4480;3782
4481;3784
4482;3778
4483;3777
4484;3782
4485;3781
4486;3775
4487;3771
4488;3766
4489;3769
4490;3760
4491;3751
4492;3738
4493;3735
4494;3731
4495;3719
4496;3715
4497;3712
4498;3707
4499;3697
4500;3690
4501;3685
4502;3677
4503;3667
4504;3663
4505;3661
4506;3651
4507;3643
4508;3634
4509;3630
4510;3623
4511;3611
4512;3606
4513;3595
4514;3593
4515;3582
4516;3573
4517;3563
4518;3551
4519;3555
4520;3550
4521;3545
4522;3531
4523;3533
4524;3522
4525;3515
4526;3501
4527;3495
4528;3494
4529;3482
4530;3469
4531;3457
4532;3462
4533;3451
4534;3443
4535;3435
4536;3426
4537;3393
4538;3410
4539;3475
4540;3390
4541;3383
4542;3378
4543;3367
4544;3362
4545;3354
4546;3346
4547;3346
4548;3331
4549;3331
4550;3320
4551;3311
4552;3303
4553;3296
4554;3288
4555;3257
4556;3266
4557;3257
4558;3249
4559;3247
4560;3234
4561;3235
4562;3225
4563;3215
4564;3210
4565;3207
4566;3195
4567;3191
4568;3180
4569;3175
4570;3167
4571;3155
4572;3150
4573;3144
4574;3129
4575;3131
4576;3123
4577;3118
4578;3109
4579;3106
4580;3097
4581;3090
4582;3079
4583;3071
4584;3065
4585;3062
4586;3058
4587;3039
4588;3038
4589;3027
4590;3026
4591;3059
4592;3007
4593;3001
4594;3006
4595;2979
4596;2970
4597;2965
4598;2966
4599;2952
4600;2938
4601;2923
4602;2924
4603;2912
4604;2911
4605;2902
4606;2896
4607;2891
4608;2883
4609;2867
4610;2860
4611;2859
4612;2851
4613;2847
4614;2834
4615;2839
4616;2826
4617;2823
4618;2791
4619;2813
4620;2777
4621;2807
4622;2776
4623;2773
4624;2763
4625;2756
4626;2756
4627;2743
4628;2735
4629;2729
4630;2719
4631;2711
4632;2706
4633;2697
4634;2691
4635;2683
4636;2678
4637;2666
4638;2660
4639;2661
4640;2647
4641;2642
4642;2642
4643;2629
4644;2616
4645;2610
4646;2608
4647;2599
4648;2602
4649;2583
4650;2579
4651;2583
4652;2564
4653;2551
4654;2554
4655;2529
4656;2540
4657;2527
4658;2523
4659;2515
4660;2507
4661;2496
4662;2488
4663;2487
4664;2483
4665;2427
4666;2457
4667;2455
4668;2447
4669;2423
4670;2437
4671;2417
4672;2411
4673;2404
4674;2403
4675;2391
4676;2392
4677;2372
4678;2369
4679;2362
4680;2353
4681;2343
4682;2338
4683;2335
4684;2320
4685;2310
4686;2305
4687;2301
4688;2294
4689;2286
4690;2277
4691;2239
4692;2265
4693;2243
4694;2249
4695;2243
4696;2234
4697;2230
4698;2216
4699;2213
4700;2203
4701;2197
4702;2169
4703;2171
4704;2174
4705;2162
4706;2150
4707;2147
4708;2131
4709;2134
4710;2126
4711;2119
4712;2111
4713;2099
4714;2091
4715;2087
4716;2077
4717;2075
4718;2073
4719;2057
4720;2052
4721;2037
4722;2039
4723;2028
4724;2005
4725;2015
4726;2002
4727;2001
4728;1992
4729;2001
4730;1976
4731;1973
4732;1961
4733;1955
4734;1950
4735;1921
4736;1933
4737;1923
4738;1919
4739;1919
4740;1905
4741;1899
4742;1889
4743;1889
4744;1877
4745;1824
4746;1866
4747;1855
4748;1845
4749;1831
4750;1828
4751;1826
4752;1801
4753;1803
4754;1795
4755;1750
4756;1791
4757;1773
4758;1763
4759;1751
4760;1751
4761;1738
4762;1734
4763;1722
4764;1713
4765;1710
4766;1710
4767;1699
4768;1691
4769;1680
4770;1673
4771;1671
4772;1658
4773;1653
4774;1640
4775;1635
4776;1628
4777;1616
4778;1609
4779;1597
4780;1603
4781;1583
4782;1582
4783;1583
4784;1570
4785;1557
4786;1552
4787;1541
4788;1535
4789;1538
4790;1522
4791;1541
4792;1521
4793;1510
4794;1498
4795;1493
4796;1486
4797;1473
4798;1465
4799;1451
4800;1461
4801;1435
4802;1442
4803;1431
4804;1419
4805;1413
4806;1407
4807;1402
4808;1405
4809;1382
4810;1371
4811;1364
4812;1358
4813;1350
4814;1342
4815;1333
4816;1329
4817;1321
4818;1279
4819;1303
4820;1299
4821;1291
4822;1285
4823;1271
4824;1264
4825;1259
4826;1248
4827;1239
4828;1238
4829;1225
4830;1211
4831;1204
4832;1196
4833;1189
4834;1177
4835;1168
4836;1166
4837;1155
4838;1146
4839;1141
4840;1138
4841;1131
4842;1117
4843;1110
4844;1096
4845;1093
4846;1081
4847;1069
4848;1070
4849;1060
4850;1054
4851;1048
4852;1039
4853;1031
4854;1022
4855;1008
4856;1002
4857;991
4858;986
4859;979
4860;975
4861;944
4862;958
4863;947
4864;948
4865;910
4866;932
4867;927
4868;912
4869;902
4870;904
4871;891
4872;888
4873;877
4874;869
4875;862
4876;849
4877;848
4878;838
4879;832
4880;828
4881;819
4882;812
4883;800
4884;795
4885;786
4886;777
4887;768
4888;766
4889;730
4890;747
4891;742
4892;748
4893;730
4894;698
4895;712
4896;696
4897;691
4898;680
4899;678
4900;673
4901;660
4902;657
4903;661
4904;633
4905;646
4906;627
4907;615
4908;614
4909;601
4910;604
4911;592
4912;580
4913;591
4914;570
4915;567
4916;562
4917;549
4918;548
4919;534
4920;529
4921;526
4922;513
4923;524
4924;495
4925;497
4926;489
4927;486
4928;476
4929;468
4930;469
4931;454
4932;447
4933;414
4934;435
4935;424
4936;418
4937;412
4938;412
4939;400
4940;390
4941;381
4942;377
4943;368
4944;366
4945;351
4946;349
4947;332
4948;330
4949;323
4950;316
4951;306
4952;300
4953;296
4954;292
4955;282
4956;269
4957;266
4958;260
4959;248
4960;240
4961;234
4962;230
4963;214
4964;205
4965;205
4966;198
4967;186
4968;185
4969;171
4970;166
4971;160
4972;145
4973;154
4974;146
4975;140
4976;145
4977;142
4978;139
4979;141
4980;142
4981;141
4982;142
4983;144
4984;135
4985;138
4986;135
4987;139
4988;137
4989;141
4990;134
4991;136
4992;132
4993;140
4994;137
4995;136
4996;136
4997;135
4998;138
4999;138
5000;139
5001;136
5002;136
5003;136
5004;139
5005;140
5006;133
5007;136
5008;135
5009;136
5010;137
5011;137
5012;137
5013;138
5014;136
5015;137
5016;137
5017;134
5018;134
5019;139
5020;134
5021;137
5022;132
5023;138
5024;134
5025;132
5026;136
5027;142
5028;133
5029;134
5030;134
5031;132
5032;138
5033;135
5034;134
5035;138
5036;135
5037;140
5038;137
5039;129
5040;136
5041;135
5042;135
5043;137
5044;134
5045;135
5046;135
5047;135
5048;141
5049;137
5050;137
5051;137
5052;130
5053;137
5054;138
5055;135
5056;137
5057;139
5058;136
5059;139
5060;134
5061;136
5062;137
5063;136
5064;135
5065;136
5066;131
5067;134
5068;136
5069;136
5070;147
5071;131
5072;135
5073;138
5074;135
5075;136
5076;136
5077;135
5078;134
5079;134
5080;136
5081;140
5082;138
5083;135
5084;135
5085;137
5086;135
5087;134
5088;138
5089;137
5090;128
5091;136
5092;138
5093;124
5094;138
5095;137
5096;138
5097;133
5098;137
5099;135
5100;138
5101;134
5102;139
5103;140
5104;139
5105;141
5106;138
5107;141
5108;147
5109;150
5110;150
5111;146
5112;150
5113;145
5114;171
5115;155
5116;153
5117;154
5118;152
5119;157
5120;157
5121;158
5122;154
5123;158
5124;160
5125;162
5126;161
5127;164
5128;163
5129;170
5130;164
5131;167
5132;167
5133;164
5134;167
5135;167
5136;170
5137;168
5138;175
5139;174
5140;171
5141;178
5142;171
5143;175
5144;171
5145;177
5146;172
5147;174
5148;178
5149;173
5150;173
5151;174
5152;175
5153;179
5154;174
5155;180
5156;177
5157;178
5158;176
5159;176
5160;179
5161;178
5162;179
5163;182
5164;182
5165;179
5166;188
5167;178
5168;184
5169;187
5170;188
5171;181
5172;188
5173;189
5174;190
5175;187
5176;191
5177;197
5178;188
5179;196
5180;196
5181;194
5182;192
5183;195
5184;192
5185;198
5186;198
5187;197
5188;207
5189;194
5190;205
5191;204
5192;195
5193;198
5194;198
5195;207
5196;202
5197;209
5198;206
5199;206
5200;201
5201;209
5202;210
5203;203
5204;207
5205;200
5206;206
5207;213
5208;218
5209;208
5210;204
5211;208
5212;213
5213;214
5214;210
5215;199
5216;203
5217;204
5218;205
5219;204
5220;210
5221;204
5222;214
5223;208
5224;207
5225;214
5226;209
5227;210
5228;204
5229;200
5230;203
5231;210
5232;209
5233;204
5234;205
5235;196
5236;205
5237;205
5238;196
5239;201
5240;205
5241;204
5242;213
5243;198
5244;201
5245;212
5246;204
5247;205
5248;198
5249;208
5250;206
5251;209
5252;212
5253;210
5254;207
5255;210
5256;210
5257;199
5258;208
5259;207
5260;201
5261;216
5262;206
5263;214
5264;201
5265;204
5266;205
5267;204
5268;206
5269;204
5270;206
5271;204
5272;206
5273;201
5274;210
5275;197
5276;205
5277;208
5278;213
5279;204
5280;206
5281;211
5282;207
5283;210
5284;207
5285;208
5286;204
5287;214
5288;217
5289;210
5290;210
5291;205
5292;207
5293;201
5294;205
5295;205
5296;199
5297;207
5298;204
5299;209
5300;208
5301;209
5302;206
5303;205
5304;214
5305;209
5306;208
5307;196
5308;205
5309;206
5310;206
5311;201
5312;210
5313;205
5314;206
5315;210
5316;209
5317;202
5318;207
5319;212
5320;208
5321;193
5322;191
5323;193
5324;196
5325;193
5326;196
5327;191
5328;194
5329;188
5330;195
5331;191
5332;196
5333;193
5334;198
5335;197
5336;200
5337;198
5338;192
5339;193
5340;194
5341;192
5342;201
5343;195
5344;195
5345;193
5346;192
5347;197
5348;194
5349;195
5350;195
5351;194
5352;193
5353;196
5354;199
5355;194
5356;192
5357;188
5358;195
5359;202
5360;189
5361;192
5362;189
5363;195
5364;192
5365;197
5366;192
5367;193
5368;192
5369;190
5370;191
5371;193
5372;193
5373;190
5374;196
5375;192
5376;195
5377;192
5378;190
5379;195
5380;189
5381;195
5382;193
5383;195
5384;195
5385;196
5386;194
5387;193
5388;196
5389;192
5390;194
5391;198
5392;199
5393;196
5394;192
5395;194
5396;196
5397;195
5398;192
5399;192
5400;191
5401;188
5402;192
5403;204
5404;195
5405;192
5406;196
5407;194
5408;192
5409;192
5410;191
5411;194
5412;194
5413;206
5414;193
5415;196
5416;194
5417;190
5418;193
5419;197
5420;194
5421;190
5422;196
5423;187
5424;192
5425;199
5426;194
5427;191
5428;196
5429;197
5430;198
5431;193
5432;193
5433;196
5434;198
5435;194
5436;201
5437;189
5438;190
5439;196
5440;192
5441;191
5442;193
5443;193
5444;192
5445;194
5446;202
5447;199
5448;196
5449;196
5450;194
5451;202
5452;196
5453;194
5454;193
5455;190
5456;190
5457;196
5458;199
5459;194
5460;193
5461;197
5462;192
5463;200
5464;198
5465;188
5466;194
5467;189
5468;193
5469;196
5470;198
5471;196
5472;190
5473;192
5474;195
5475;195
5476;196
5477;194
5478;198
5479;192
5480;197
5481;193
5482;197
5483;198
5484;193
5485;193
5486;196
5487;195
5488;188
5489;192
5490;193
5491;188
5492;194
5493;193
5494;190
5495;192
5496;197
5497;193
5498;194
5499;197
5500;190
5501;188
5502;196
5503;191
5504;202
5505;192
5506;190
5507;193
5508;196
5509;194
5510;193
5511;193
5512;193
5513;195
5514;196
5515;199
5516;193
5517;190
5518;195
5519;193
5520;202
5521;192
5522;192
5523;190
5524;198
5525;194
5526;196
5527;192
5528;188
5529;203
5530;191
5531;193
5532;189
5533;198
5534;198
5535;194
5536;190
5537;193
5538;193
5539;194
5540;192
5541;196
5542;199
5543;193
5544;196
5545;194
5546;199
5547;195
5548;193
5549;194
5550;194
5551;191
5552;193
5553;196
5554;191
5555;192
5556;198
5557;194
5558;195
5559;191
5560;196
5561;193
5562;196
5563;193
5564;195
5565;193
5566;186
5567;201
5568;193
5569;196
5570;187
5571;193
5572;196
5573;192
5574;192
5575;196
5576;192
5577;196
5578;195
5579;195
5580;194
5581;197
5582;190
5583;198
5584;195
5585;196
5586;198
5587;195
5588;195
5589;186
5590;197
5591;190
5592;191
5593;191
5594;197
5595;193
5596;192
5597;193
5598;193
5599;193
5600;193
5601;196
5602;196
5603;196
5604;192
5605;197
5606;197
5607;188
5608;195
5609;196
5610;194
5611;190
5612;194
5613;196
5614;193
5615;194
5616;190
5617;198
5618;188
5619;199
5620;193
5621;193
5622;195
5623;198
5624;204
5625;191
5626;196
5627;196
5628;201
5629;194
5630;193
5631;193
5632;190
5633;200
5634;196
5635;192
5636;190
5637;193
5638;194
5639;191
5640;202
5641;196
5642;194
5643;192
5644;193
5645;197
5646;190
5647;193
5648;193
5649;190
5650;196
5651;196
5652;193
5653;197
5654;193
5655;196
5656;195
5657;198
5658;195
5659;196
5660;191
5661;196
5662;202
5663;196
5664;189
5665;190
5666;196
5667;202
5668;198
5669;196
5670;196
5671;188
5672;193
5673;196
5674;193
5675;192
5676;193
5677;196
5678;196
5679;194
5680;194
5681;195
5682;192
5683;194
5684;194
5685;191
5686;195
5687;197
5688;192
5689;197
5690;194
5691;191
5692;198
5693;194
5694;198
5695;198
5696;192
5697;183
5698;192
5699;194
5700;196
5701;194
5702;188
5703;188
5704;190
5705;197
5706;196
5707;190
5708;193
5709;194
5710;199
5711;195
5712;199
5713;195
5714;195
5715;185
5716;195
5717;196
5718;197
5719;193
5720;193
5721;193
5722;190
5723;194
5724;194
5725;191
5726;193
5727;194
5728;197
5729;196
5730;192
5731;192
5732;192
5733;196
5734;199
5735;190
5736;181
5737;193
5738;194
5739;197
5740;199
5741;193
5742;194
5743;190
5744;194
5745;195
5746;187
5747;194
5748;194
5749;192
5750;199
5751;195
5752;192
5753;194
5754;193
5755;191
5756;189
5757;193
5758;206
5759;190
5760;197
5761;202
5762;192
5763;192
5764;192
5765;201
5766;194
5767;194
5768;193
5769;193
5770;193
5771;192
5772;165
5773;201
5774;203
5775;196
5776;205
5777;208
5778;213
5779;215
5780;218
5781;219
5782;225
5783;232
5784;235
5785;242
5786;247
5787;248
5788;257
5789;263
5790;267
5791;270
5792;265
5793;284
5794;299
5795;286
5796;302
5797;306
5798;315
5799;321
5800;326
5801;330
5802;335
5803;346
5804;353
5805;360
5806;365
5807;369
5808;378
5809;382
5810;393
5811;401
5812;407
5813;417
5814;427
5815;427
5816;439
5817;442
5818;446
5819;457
5820;458
5821;470
5822;475
5823;484
5824;492
5825;508
5826;502
5827;506
5828;516
5829;516
5830;528
5831;521
5832;541
5833;545
5834;557
5835;562
5836;572
5837;579
5838;587
5839;597
5840;595
5841;606
5842;604
5843;617
5844;625
5845;627
5846;639
5847;645
5848;658
5849;664
5850;671
5851;677
5852;686
5853;692
5854;701
5855;707
5856;725
5857;729
5858;734
5859;734
5860;751
5861;761
5862;765
5863;762
5864;784
5865;790
5866;795
5867;810
5868;813
5869;820
5870;824
5871;833
5872;842
5873;850
5874;857
5875;861
5876;876
5877;887
5878;890
5879;894
5880;909
5881;909
5882;903
5883;924
5884;931
5885;935
5886;946
5887;954
5888;961
5889;967
5890;976
5891;981
5892;991
5893;995
5894;1006
5895;1019
5896;1022
5897;1030
5898;1038
5899;1045
5900;1050
5901;1058
5902;1070
5903;1078
5904;1083
5905;1087
5906;1102
5907;1109
5908;1116
5909;1126
5910;1156
5911;1142
5912;1145
5913;1158
5914;1166
5915;1172
5916;1180
5917;1187
5918;1189
5919;1219
5920;1214
5921;1224
5922;1236
5923;1244
5924;1250
5925;1260
5926;1266
5927;1275
5928;1283
5929;1255
5930;1303
5931;1313
5932;1315
5933;1328
5934;1330
5935;1341
5936;1344
5937;1348
5938;1361
5939;1377
5940;1379
5941;1387
5942;1397
5943;1398
5944;1408
5945;1416
5946;1429
5947;1437
5948;1456
5949;1444
5950;1455
5951;1464
5952;1470
5953;1477
5954;1492
5955;1495
5956;1503
5957;1504
5958;1512
5959;1527
5960;1527
5961;1538
5962;1545
5963;1549
5964;1556
5965;1565
5966;1580
5967;1580
5968;1585
5969;1597
5970;1604
5971;1615
5972;1623
5973;1626
5974;1599
5975;1618
5976;1648
5977;1657
5978;1665
5979;1677
5980;1678
5981;1696
5982;1703
5983;1730
5984;1703
5985;1718
5986;1729
5987;1737
5988;1739
5989;1736
5990;1773
5991;1769
5992;1771
5993;1784
5994;1792
5995;1803
5996;1800
5997;1822
5998;1819
5999;1835
6000;1838
6001;1846
6002;1857
6003;1862
6004;1866
6005;1874
6006;1883
6007;1893
6008;1895
6009;1905
6010;1911
6011;1903
6012;1932
6013;1936
6014;1940
6015;1951
6016;1961
6017;1959
6018;1975
6019;1987
6020;1985
6021;1955
6022;1999
6023;2011
6024;2014
6025;2023
6026;2032
6027;2034
6028;2046
6029;2035
6030;2062
6031;2069
6032;2076
6033;2086
6034;2091
6035;2125
6036;2114
6037;2121
6038;2127
6039;2151
6040;2143
6041;2151
6042;2158
6043;2167
6044;2175
6045;2173
6046;2186
6047;2197
6048;2206
6049;2215
6050;2222
6051;2237
6052;2222
6053;2249
6054;2255
6055;2279
6056;2276
6057;2278
6058;2279
6059;2299
6060;2299
6061;2306
6062;2316
6063;2324
6064;2331
6065;2340
6066;2349
6067;2356
6068;2363
6069;2371
6070;2378
6071;2409
6072;2399
6073;2402
6074;2435
6075;2429
6076;2433
6077;2437
6078;2446
6079;2449
6080;2462
6081;2470
6082;2480
6083;2489
6084;2494
6085;2502
6086;2514
6087;2518
6088;2523
6089;2533
6090;2539
6091;2551
6092;2520
6093;2551
6094;2567
6095;2581
6096;2586
6097;2589
6098;2598
6099;2599
6100;2608
6101;2613
6102;2627
6103;2635
6104;2637
6105;2649
6106;2657
6107;2670
6108;2668
6109;2680
6110;2702
6111;2695
6112;2690
6113;2701
6114;2710
6115;2719
6116;2724
6117;2736
6118;2740
6119;2787
6120;2767
6121;2768
6122;2771
6123;2785
6124;2791
6125;2793
6126;2800
6127;2817
6128;2826
6129;2821
6130;2835
6131;2845
6132;2851
6133;2858
6134;2844
6135;2876
6136;2882
6137;2887
6138;2888
6139;2909
6140;2913
6141;2919
6142;2922
6143;2936
6144;2943
6145;2947
6146;2952
6147;2962
6148;2972
6149;2981
6150;2989
6151;2995
6152;3006
6153;3013
6154;3026
6155;3033
6156;3033
6157;3043
6158;3054
6159;3067
6160;3073
6161;3073
6162;3083
6163;3079
6164;3099
6165;3106
6166;3106
6167;3122
6168;3133
6169;3137
6170;3143
6171;3151
6172;3157
6173;3177
6174;3179
6175;3187
6176;3195
6177;3198
6178;3209
6179;3213
6180;3219
6181;3227
6182;3231
6183;3220
6184;3251
6185;3261
6186;3267
6187;3275
6188;3289
6189;3295
6190;3299
6191;3310
6192;3317
6193;3323
6194;3333
6195;3341
6196;3349
6197;3355
6198;3361
6199;3371
6200;3377
6201;3389
6202;3369
6203;3403
6204;3413
6205;3417
6206;3423
6207;3438
6208;3446
6209;3451
6210;3466
6211;3467
6212;3475
6213;3479
6214;3490
6215;3499
6216;3508
6217;3518
6218;3526
6219;3531
6220;3543
6221;3550
6222;3560
6223;3566
6224;3571
6225;3587
6226;3589
6227;3595
6228;3603
6229;3618
6230;3626
6231;3634
6232;3641
6233;3651
6234;3659
6235;3667
6236;3646
6237;3687
6238;3694
6239;3705
6240;3715
6241;3719
6242;3736
6243;3735
6244;3741
6245;3749
6246;3757
6247;3770
6248;3779
6249;3798
6250;3786
6251;3803
6252;3816
6253;3821
6254;3828
6255;3837
6256;3849
6257;3853
6258;3862
6259;3871
6260;3879
6261;3890
6262;3893
6263;3902
6264;3921
6265;3922
6266;3925
6267;3938
6268;3943
6269;3948
6270;3955
6271;3963
6272;3971
6273;3978
6274;3981
6275;3986
6276;3993
6277;4003
6278;4013
6279;4019
6280;4025
6281;4019
6282;4023
6283;4022
6284;4015
6285;4021
6286;4023
6287;4016
6288;4020
6289;4017
6290;4019
6291;4020
6292;4029
6293;4021
6294;4025
6295;4026
6296;4030
6297;4025
6298;4021
6299;4023
6300;4030
6301;4021
6302;4016
6303;4020
6304;4023
6305;4023
6306;4023
6307;4023
6308;4029
6309;4021
6310;4019
6311;4016
6312;4023
6313;4023
6314;4022
6315;4014
6316;4026
6317;4017
6318;4028
6319;4019
6320;4024
6321;4022
6322;4019
6323;4019
6324;4023
6325;4017
6326;4018
6327;4017
6328;4023
6329;4025
6330;4019
6331;4018
6332;4021
6333;4019
6334;4019
6335;4018
6336;4022
6337;4022
6338;4019
6339;4016
6340;4020
6341;4019
6342;4016
6343;4019
6344;4024
6345;4021
6346;4019
6347;4021
6348;4021
6349;4019
6350;4019
6351;4022
6352;4017
6353;4024
6354;4025
6355;4022
6356;4019
6357;4025
6358;4019
6359;4020
6360;4019
6361;4023
6362;4019
6363;4018
6364;4015
6365;4024
6366;4023
6367;4016
6368;4022
6369;4020
6370;4021
6371;4021
6372;4026
6373;4023
6374;4019
6375;4017
6376;4018
6377;4021
6378;4029
6379;4017
6380;4022
6381;4023
6382;4023
6383;4023
6384;4019
6385;4027
6386;4023
6387;4008
6388;4017
6389;4025
6390;4021
6391;4022
6392;4023
6393;4027
6394;4010
6395;4001
6396;4002
6397;4003
6398;3990
6399;3989
6400;3987
6401;3991
6402;3987
6403;3977
6404;3976
6405;3975
6406;3981
6407;3979
6408;3974
6409;3976
6410;3971
6411;3965
6412;3970
6413;3961
6414;3958
6415;3962
6416;3958
6417;3957
6418;3956
6419;3949
6420;3952
6421;3952
6422;3945
6423;3945
6424;3937
6425;3941
6426;3939
6427;3934
6428;3931
6429;3936
6430;3927
6431;3929
6432;3927
6433;3932
6434;3923
6435;3918
6436;3919
6437;3920
6438;3920
6439;3913
6440;3915
6441;3912
6442;3913
6443;3906
6444;3903
6445;3900
6446;3891
6447;3897
6448;3897
6449;3893
6450;3891
6451;3894
6452;3889
6453;3893
6454;3888
6455;3881
6456;3882
6457;3893
6458;3873
6459;3879
6460;3878
6461;3864
6462;3877
6463;3872
6464;3872
6465;3868
6466;3869
6467;3862
6468;3866
6469;3858
6470;3861
6471;3859
6472;3855
6473;3857
6474;3857
6475;3852
6476;3851
6477;3848
6478;3853
6479;3849
6480;3850
6481;3846
6482;3841
6483;3837
6484;3839
6485;3840
6486;3839
6487;3836
6488;3832
6489;3831
6490;3831
6491;3830
6492;3831
6493;3826
6494;3827
6495;3831
6496;3823
6497;3822
6498;3823
6499;3830
6500;3825
6501;3817
6502;3821
6503;3823
6504;3814
6505;3819
6506;3815
6507;3814
6508;3811
6509;3814
6510;3805
6511;3811
6512;3809
6513;3808
6514;3809
6515;3810
6516;3806
6517;3800
6518;3806
6519;3803
6520;3804
6521;3802
6522;3803
6523;3799
6524;3799
6525;3799
6526;3805
6527;3781
6528;3794
6529;3799
6530;3799
6531;3795
6532;3795
6533;3798
6534;3800
6535;3791
6536;3794
6537;3795
6538;3805
6539;3795
6540;3792
6541;3786
6542;3790
6543;3792
6544;3784
6545;3793
6546;3792
6547;3791
6548;3790
6549;3791
6550;3786
6551;3791
6552;3790
6553;3789
6554;3789
6555;3787
6556;3788
6557;3792
6558;3785
6559;3786
6560;3786
6561;3789
6562;3789
6563;3790
6564;3789
6565;3786
6566;3783
6567;3788
6568;3785
6569;3786
6570;3781
6571;3781
6572;3779
6573;3783
6574;3778
6575;3775
6576;3782
6577;3785
6578;3775
6579;3781
6580;3775
6581;3780
6582;3779
6583;3785
6584;3778
6585;3779
6586;3771
6587;3779
6588;3782
6589;3782
6590;3778
6591;3784
6592;3779
6593;3779
6594;3786
6595;3781
6596;3778
6597;3787
6598;3782
6599;3777
6600;3779
6601;3782
6602;3783
6603;3781
6604;3779
6605;3779
6606;3779
6607;3781
6608;3780
6609;3778
6610;3779
6611;3779
6612;3781
6613;3775
6614;3783
6615;3779
6616;3779
6617;3779
6618;3783
6619;3783
6620;3775
6621;3777
6622;3773
6623;3775
6624;3779
6625;3781
6626;3779
6627;3779
6628;3777
6629;3779
6630;3787
6631;3779
6632;3780
6633;3784
6634;3782
6635;3779
6636;3781
6637;3777
6638;3784
6639;3779
6640;3766
6641;3783
6642;3784
6643;3779
6644;3782
6645;3783
6646;3779
6647;3782
6648;3782
6649;3781
6650;3785
6651;3775
6652;3781
6653;3778
6654;3781
6655;3779
6656;3778
6657;3782
6658;3783
6659;3781
6660;3781
6661;3779
6662;3781
6663;3779
6664;3781
6665;3781
6666;3784
6667;3783
6668;3783
6669;3782
6670;3784
6671;3779
6672;3779
6673;3777
6674;3788
6675;3783
6676;3766
6677;3783
6678;3788
6679;3781
6680;3781
6681;3783
6682;3788
6683;3779
6684;3782
6685;3781
6686;3772
6687;3783
6688;3782
6689;3781
6690;3778
6691;3779
6692;3781
6693;3779
6694;3785
6695;3787
6696;3782
6697;3783
6698;3781
6699;3778
6700;3782
6701;3781
6702;3786
6703;3785
6704;3779
6705;3777
6706;3772
6707;3783
6708;3783
6709;3778
6710;3780
6711;3777
6712;3781
6713;3775
6714;3777
6715;3781
6716;3781
6717;3779
6718;3775
6719;3779
6720;3779
6721;3783
6722;3783
6723;3779
6724;3781
6725;3779
6726;3783
6727;3779
6728;3782
6729;3779
6730;3785
6731;3781
6732;3779
6733;3777
6734;3782
6735;3775
6736;3783
6737;3779
6738;3782
6739;3783
6740;3775
6741;3779
6742;3783
6743;3779
6744;3775
6745;3777
6746;3783
6747;3783
6748;3780
6749;3781
6750;3782
6751;3779
6752;3783
6753;3782
6754;3782
6755;3781
6756;3782
6757;3779
6758;3778
6759;3779
6760;3784
6761;3781
6762;3782
6763;3779
6764;3780
6765;3779
6766;3782
6767;3781
6768;3787
6769;3779
6770;3781
6771;3783
6772;3782
6773;3779
6774;3778
6775;3781
6776;3783
6777;3779
6778;3782
6779;3783
6780;3783
6781;3777
6782;3786
6783;3787
6784;3778
6785;3775
6786;3778
6787;3783
6788;3783
6789;3777
6790;3775
6791;3779
6792;3783
6793;3769
6794;3779
6795;3781
6796;3779
6797;3779
6798;3779
6799;3783
6800;3783
6801;3775
6802;3774
6803;3772
6804;3763
6805;3757
6806;3757
6807;3748
6808;3737
6809;3731
6810;3729
6811;3722
6812;3718
6813;3712
6814;3706
6815;3694
6816;3687
6817;3680
6818;3672
6819;3669
6820;3659
6821;3654
6822;3644
6823;3641
6824;3635
6825;3621
6826;3617
6827;3613
6828;3607
6829;3591
6830;3584
6831;3589
6832;3579
6833;3563
6834;3562
6835;3557
6836;3543
6837;3537
6838;3531
6839;3528
6840;3517
6841;3509
6842;3502
6843;3499
6844;3489
6845;3478
6846;3468
6847;3475
6848;3458
6849;3451
6850;3442
6851;3417
6852;3423
6853;3409
6854;3398
6855;3397
6856;3371
6857;3376
6858;3375
6859;3370
6860;3358
6861;3349
6862;3344
6863;3334
6864;3333
6865;3312
6866;3315
6867;3311
6868;3300
6869;3289
6870;3283
6871;3275
6872;3263
6873;3255
6874;3222
6875;3242
6876;3241
6877;3232
6878;3226
6879;3214
6880;3211
6881;3193
6882;3198
6883;3188
6884;3177
6885;3179
6886;3141
6887;3158
6888;3141
6889;3137
6890;3130
6891;3130
6892;3123
6893;3109
6894;3106
6895;3099
6896;3096
6897;3081
6898;3074
6899;3075
6900;3064
6901;3051
6902;3042
6903;3045
6904;3042
6905;3021
6906;3016
6907;3013
6908;3002
6909;2995
6910;2987
6911;2979
6912;2971
6913;2963
6914;2952
6915;2945
6916;2939
6917;2930
6918;2925
6919;2917
6920;2907
6921;2897
6922;2892
6923;2900
6924;2882
6925;2873
6926;2859
6927;2857
6928;2843
6929;2839
6930;2832
6931;2823
6932;2836
6933;2809
6934;2803
6935;2793
6936;2791
6937;2779
6938;2770
6939;2770
6940;2762
6941;2754
6942;2746
6943;2737
6944;2733
6945;2723
6946;2714
6947;2702
6948;2699
6949;2693
6950;2658
6951;2687
6952;2674
6953;2663
6954;2659
6955;2655
6956;2637
6957;2635
6958;2630
6959;2626
6960;2617
6961;2609
6962;2604
6963;2595
6964;2596
6965;2579
6966;2574
6967;2571
6968;2564
6969;2551
6970;2545
6971;2541
6972;2536
6973;2525
6974;2523
6975;2513
6976;2508
6977;2503
6978;2491
6979;2481
6980;2480
6981;2466
6982;2461
6983;2455
6984;2449
6985;2439
6986;2443
6987;2415
6988;2406
6989;2410
6990;2395
6991;2392
6992;2381
6993;2374
6994;2326
6995;2357
6996;2341
6997;2335
6998;2339
6999;2327
7000;2315
7001;2259
7002;2299
7003;2317
7004;2316
7005;2283
7006;2274
7007;2279
7008;2258
7009;2253
7010;2250
7011;2237
7012;2226
7013;2241
7014;2213
7015;2203
7016;2192
7017;2187
7018;2181
7019;2174
7020;2130
7021;2154
7022;2157
7023;2141
7024;2139
7025;2130
7026;2121
7027;2116
7028;2114
7029;2097
7030;2083
7031;2079
7032;2077
7033;2069
7034;2059
7035;2055
7036;2045
7037;2037
7038;2033
7039;1991
7040;2020
7041;2006
7042;2006
7043;1991
7044;1987
7045;1979
7046;1969
7047;1963
7048;1955
7049;1969
7050;1953
7051;1940
7052;1933
7053;1928
7054;1918
7055;1929
7056;1904
7057;1897
7058;1883
7059;1870
7060;1871
7061;1860
7062;1860
7063;1850
7064;1841
7065;1830
7066;1827
7067;1815
7068;1809
7069;1809
7070;1795
7071;1785
7072;1778
7073;1771
7074;1761
7075;1770
7076;1736
7077;1735
7078;1734
7079;1725
7080;1716
7081;1706
7082;1699
7083;1689
7084;1684
7085;1705
7086;1667
7087;1658
7088;1650
7089;1650
7090;1635
7091;1602
7092;1622
7093;1625
7094;1610
7095;1603
7096;1596
7097;1591
7098;1580
7099;1581
7100;1564
7101;1553
7102;1556
7103;1547
7104;1533
7105;1538
7106;1522
7107;1509
7108;1505
7109;1503
7110;1495
7111;1481
7112;1482
7113;1477
7114;1465
7115;1453
7116;1448
7117;1442
7118;1433
7119;1419
7120;1420
7121;1422
7122;1408
7123;1400
7124;1393
7125;1386
7126;1381
7127;1363
7128;1358
7129;1332
7130;1347
7131;1330
7132;1333
7133;1324
7134;1307
7135;1306
7136;1296
7137;1292
7138;1285
7139;1277
7140;1265
7141;1260
7142;1246
7143;1240
7144;1229
7145;1216
7146;1213
7147;1205
7148;1195
7149;1191
7150;1181
7151;1173
7152;1162
7153;1157
7154;1147
7155;1139
7156;1137
7157;1132
7158;1125
7159;1129
7160;1097
7161;1091
7162;1084
7163;1075
7164;1067
7165;1061
7166;1053
7167;1048
7168;1034
7169;1032
7170;1022
7171;1003
7172;998
7173;984
7174;964
7175;981
7176;974
7177;968
7178;959
7179;946
7180;941
7181;932
7182;926
7183;915
7184;909
7185;905
7186;901
7187;893
7188;885
7189;876
7190;874
7191;869
7192;854
7193;840
7194;834
7195;825
7196;825
7197;814
7198;804
7199;793
7200;796
7201;786
7202;785
7203;767
7204;762
7205;757
7206;755
7207;729
7208;733
7209;712
7210;717
7211;707
7212;701
7213;691
7214;685
7215;678
7216;680
7217;663
7218;660
7219;649
7220;641
7221;636
7222;620
7223;622
7224;612
7225;613
7226;609
7227;589
7228;588
7229;588
7230;574
7231;562
7232;553
7233;549
7234;546
7235;510
7236;529
7237;524
7238;516
7239;509
7240;504
7241;496
7242;489
7243;482
7244;476
7245;470
7246;462
7247;452
7248;444
7249;438
7250;429
7251;432
7252;423
7253;412
7254;400
7255;398
7256;389
7257;379
7258;375
7259;368
7260;360
7261;353
7262;350
7263;342
7264;319
7265;327
7266;312
7267;311
7268;306
7269;293
7270;288
7271;278
7272;273
7273;268
7274;265
7275;251
7276;241
7277;233
7278;225
7279;217
7280;207
7281;208
7282;191
7283;187
7284;187
7285;175
7286;168
7287;161
7288;151
7289;152
7290;143
7291;139
7292;138
7293;141
7294;139
7295;143
7296;144
7297;139
7298;136
7299;138
7300;137
7301;136
7302;133
7303;137
7304;139
7305;138
7306;140
7307;140
7308;137
7309;138
7310;130
7311;136
7312;133
7313;137
7314;139
7315;136
7316;130
7317;132
7318;141
7319;133
7320;138
7321;137
7322;138
7323;141
7324;138
7325;139
7326;141
7327;146
7328;145
7329;145
7330;143
7331;148
7332;149
7333;146
7334;147
7335;144
7336;152
7337;152
7338;157
7339;167
7340;165
7341;162
7342;170
7343;162
7344;169
7345;164
7346;167
7347;159
7348;164
7349;164
7350;177
7351;156
7352;165
7353;164
7354;177
7355;164
7356;169
7357;174
7358;161
7359;169
7360;177
7361;183
7362;178
7363;176
7364;165
7365;179
7366;179
7367;174
7368;178
7369;175
7370;182
7371;168
7372;179
7373;181
7374;182
7375;177
7376;180
7377;188
7378;184
7379;183
7380;188
7381;183
7382;188
7383;201
7384;198
7385;194
7386;194
7387;192
7388;197
7389;189
7390;247
7391;198
7392;200
7393;198
7394;203
7395;208
7396;202
7397;201
7398;209
7399;215
7400;205
7401;213
7402;209
7403;211
7404;210
7405;211
7406;218
7407;218
7408;220
7409;217
7410;220
7411;216
7412;218
7413;212
7414;211
7415;216
7416;220
7417;216
7418;226
7419;211
7420;221
7421;224
7422;233
7423;222
7424;218
7425;215
7426;228
7427;222
7428;222
7429;225
7430;214
7431;222
7432;217
7433;217
7434;225
7435;221
7436;224
7437;221
7438;228
7439;218
7440;226
7441;225
7442;222
7443;221
7444;225
7445;219
7446;230
7447;225
7448;220
7449;220
7450;224
7451;225
7452;229
7453;218
7454;219
7455;216
7456;231
7457;220
7458;229
7459;221
7460;225
7461;226
7462;219
7463;230
7464;221
7465;227
7466;225
7467;224
7468;216
7469;218
7470;229
7471;222
7472;232
7473;218
7474;224
7475;222
7476;229
7477;222
7478;223
7479;234
7480;226
7481;217
7482;217
7483;220
7484;228
7485;222
7486;218
7487;228
7488;224
7489;222
7490;214
7491;231
7492;220
7493;221
7494;225
7495;221
7496;223
7497;218
7498;228
7499;222
7500;221
7501;233
7502;221
7503;221
7504;225
7505;217
7506;226
7507;223
7508;219
7509;218
7510;229
7511;236
7512;223
7513;221
7514;229
7515;223
7516;222
7517;224
7518;230
7519;217
7520;233
7521;220
7522;234
7523;219
7524;223
7525;225
7526;220
7527;222
7528;214
7529;225
7530;230
7531;204
7532;223
7533;225
7534;222
7535;222
7536;218
7537;229
7538;218
7539;225
7540;216
7541;227
7542;222
7543;228
7544;224
7545;226
7546;227
7547;229
7548;227
7549;219
7550;223
7551;232
7552;211
7553;222
7554;217
7555;225
7556;228
7557;220
7558;226
7559;222
7560;221
7561;215
7562;229
7563;216
7564;225
7565;230
7566;223
7567;220
7568;230
7569;218
7570;230
7571;217
7572;224
7573;223
7574;222
7575;221
7576;224
7577;223
7578;224
7579;221
7580;224
7581;227
7582;227
7583;223
7584;219
7585;222
7586;220
7587;222
7588;230
7589;214
7590;219
7591;219
7592;226
7593;222
7594;221
7595;222
7596;217
7597;234
7598;222
7599;224
7600;222
7601;231
7602;230
7603;229
7604;223
7605;219
7606;231
7607;216
7608;230
7609;230
7610;226
7611;223
7612;224
7613;222
7614;230
7615;219
7616;225
7617;222
7618;228
7619;214
7620;225
7621;225
7622;225
7623;227
7624;218
7625;215
7626;227
7627;227
7628;227
7629;227
7630;221
7631;223
7632;217
7633;221
7634;227
7635;217
7636;222
7637;230
7638;231
7639;227
7640;224
7641;217
7642;229
7643;220
7644;221
7645;219
7646;222
7647;228
7648;228
7649;223
7650;225
7651;230
7652;230
7653;229
7654;220
7655;226
7656;224
7657;220
7658;222
7659;223
7660;228
7661;232
7662;224
7663;222
7664;219
7665;228
7666;222
7667;224
7668;226
7669;229
7670;222
7671;230
7672;221
7673;221
7674;224
7675;229
7676;220
7677;225
7678;225
